-- phpMyAdmin SQL Dump
-- version 5.2.0
-- https://www.phpmyadmin.net/
--
-- Host: 127.0.0.1
-- Generation Time: Feb 18, 2023 at 07:15 AM
-- Server version: 10.4.24-MariaDB
-- PHP Version: 7.4.29

SET SQL_MODE = "NO_AUTO_VALUE_ON_ZERO";
START TRANSACTION;
SET time_zone = "+00:00";


/*!40101 SET @OLD_CHARACTER_SET_CLIENT=@@CHARACTER_SET_CLIENT */;
/*!40101 SET @OLD_CHARACTER_SET_RESULTS=@@CHARACTER_SET_RESULTS */;
/*!40101 SET @OLD_COLLATION_CONNECTION=@@COLLATION_CONNECTION */;
/*!40101 SET NAMES utf8mb4 */;

--
-- Database: `dts_db`
--

-- --------------------------------------------------------

--
-- Table structure for table `defect_items`
--

CREATE TABLE `defect_items` (
  `id` bigint(20) NOT NULL,
  `item_code` varchar(255) NOT NULL,
  `title` varchar(255) NOT NULL,
  `description` text NOT NULL,
  `reporter_id` bigint(20) NOT NULL,
  `item_status_id` enum('OPEN','ONGOING','ONHOLD','DONE') NOT NULL,
  `start_at` date DEFAULT NULL,
  `end_at` date DEFAULT NULL,
  `assignee_id` bigint(20) NOT NULL,
  `severity_id` enum('NOT_STARTED','LOW','MEDIUM','HIGH','') NOT NULL,
  `status` varchar(1) NOT NULL DEFAULT 'a',
  `created_at` datetime NOT NULL DEFAULT current_timestamp(),
  `updated_at` datetime NOT NULL,
  `deleted_at` datetime NOT NULL
) ENGINE=InnoDB DEFAULT CHARSET=utf8mb4;

--
-- Dumping data for table `defect_items`
--

INSERT INTO `defect_items` (`id`, `item_code`, `title`, `description`, `reporter_id`, `item_status_id`, `start_at`, `end_at`, `assignee_id`, `severity_id`, `status`, `created_at`, `updated_at`, `deleted_at`) VALUES
(1, 'IC1234', 'Navigation bugs', 'Not responsive navigation', 3, 'DONE', '2023-02-05', '2023-02-05', 2, 'MEDIUM', 'a', '2023-02-03 13:56:55', '2023-02-05 18:51:08', '0000-00-00 00:00:00'),
(2, 'IC4325', 'Font size title', 'Change font size of title', 3, 'ONGOING', '2023-02-03', NULL, 2, 'MEDIUM', 'a', '2023-02-03 13:58:09', '0000-00-00 00:00:00', '0000-00-00 00:00:00'),
(3, 'IC7877', 'Navigation Bugs', 'Not Responsive Navigation', 3, 'ONGOING', '0000-00-00', NULL, 2, 'LOW', 'a', '2023-02-03 14:33:25', '2023-02-05 18:55:58', '0000-00-00 00:00:00'),
(4, 'IC3285', 'Side bar bug', 'Can\'t highlight dropdown links when clicked', 3, 'OPEN', '2023-02-05', NULL, 2, 'LOW', 'a', '2023-02-05 13:44:40', '2023-02-05 18:12:11', '0000-00-00 00:00:00'),
(5, '', 'Navigation Bugs', 'Not Responsive Navigation', 3, 'OPEN', NULL, NULL, 0, 'NOT_STARTED', 'd', '2023-02-05 15:21:45', '2023-02-05 15:22:57', '2023-02-05 15:22:57'),
(6, 'IC7806', 'Pending Reciepts', 'Can\'t Redirect To Generate Report', 2, 'ONHOLD', '2023-02-18', NULL, 2, 'MEDIUM', 'a', '2023-02-18 11:49:52', '2023-02-18 12:09:23', '0000-00-00 00:00:00'),
(7, 'IC7395', 'No validation response', 'Need to add validation', 2, 'DONE', '2023-02-18', '2023-02-18', 2, 'LOW', 'a', '2023-02-18 12:10:43', '2023-02-18 12:51:43', '0000-00-00 00:00:00'),
(8, 'IC2218', 'Task List ', 'File not found', 2, 'OPEN', NULL, NULL, 0, 'NOT_STARTED', 'a', '2023-02-18 12:59:04', '2023-02-18 12:59:04', '0000-00-00 00:00:00');

-- --------------------------------------------------------

--
-- Table structure for table `modules`
--

CREATE TABLE `modules` (
  `id` bigint(20) NOT NULL,
  `module_name` varchar(255) NOT NULL,
  `description` varchar(255) NOT NULL,
  `status` varchar(1) NOT NULL DEFAULT 'a',
  `created_at` datetime NOT NULL DEFAULT current_timestamp(),
  `updated_at` datetime NOT NULL,
  `deleted_at` datetime NOT NULL
) ENGINE=InnoDB DEFAULT CHARSET=utf8mb4;

--
-- Dumping data for table `modules`
--

INSERT INTO `modules` (`id`, `module_name`, `description`, `status`, `created_at`, `updated_at`, `deleted_at`) VALUES
(1, 'dashboard', 'dashboard management', 'a', '2023-01-23 10:16:33', '2023-01-28 16:45:35', '0000-00-00 00:00:00'),
(2, 'users', 'user management', 'a', '2023-01-23 10:33:37', '0000-00-00 00:00:00', '0000-00-00 00:00:00'),
(3, 'defect items', 'defect item management', 'a', '2023-01-23 10:39:17', '0000-00-00 00:00:00', '0000-00-00 00:00:00'),
(4, 'history', 'history management', 'a', '2023-01-23 10:39:17', '0000-00-00 00:00:00', '0000-00-00 00:00:00'),
(5, 'modules', 'module management', 'a', '2023-01-28 14:54:56', '0000-00-00 00:00:00', '0000-00-00 00:00:00'),
(6, 'task list', 'task list management', 'a', '2023-02-05 10:41:36', '2023-02-05 10:41:36', '0000-00-00 00:00:00');

-- --------------------------------------------------------

--
-- Table structure for table `permissions`
--

CREATE TABLE `permissions` (
  `id` bigint(20) NOT NULL,
  `module_id` bigint(20) NOT NULL,
  `permission_name` varchar(255) NOT NULL,
  `permission_type_id` bigint(20) NOT NULL,
  `slug` varchar(255) NOT NULL,
  `icon` varchar(255) NOT NULL,
  `status` varchar(1) NOT NULL DEFAULT 'a',
  `created_at` datetime NOT NULL DEFAULT current_timestamp(),
  `updated_at` datetime NOT NULL,
  `deleted_at` datetime NOT NULL
) ENGINE=InnoDB DEFAULT CHARSET=utf8mb4;

--
-- Dumping data for table `permissions`
--

INSERT INTO `permissions` (`id`, `module_id`, `permission_name`, `permission_type_id`, `slug`, `icon`, `status`, `created_at`, `updated_at`, `deleted_at`) VALUES
(1, 1, 'dashboard', 5, 'dashboard', '&#xe002;', 'a', '2023-01-23 10:58:19', '0000-00-00 00:00:00', '0000-00-00 00:00:00'),
(2, 3, 'defect items', 5, 'defect-items', '&#xe002;', 'a', '2023-01-28 14:57:03', '0000-00-00 00:00:00', '0000-00-00 00:00:00'),
(3, 2, 'users', 5, 'users', '&#xe002;', 'a', '2023-01-28 14:58:04', '0000-00-00 00:00:00', '0000-00-00 00:00:00'),
(4, 4, 'history', 5, 'defect-items/history', '&#xe002;', 'a', '2023-01-28 14:58:41', '2023-02-18 13:09:00', '0000-00-00 00:00:00'),
(5, 5, 'modules', 5, 'modules', '&#xe002;', 'a', '2023-01-28 14:59:22', '0000-00-00 00:00:00', '0000-00-00 00:00:00'),
(6, 2, 'roles', 5, 'roles', '&#xe002;', 'a', '2023-01-28 15:03:15', '0000-00-00 00:00:00', '0000-00-00 00:00:00'),
(7, 2, 'role permissions', 5, 'role-permissions', '&#xe002;', 'a', '2023-01-28 15:04:30', '0000-00-00 00:00:00', '0000-00-00 00:00:00'),
(8, 5, 'permissions', 5, 'permissions', '&#xe002;', 'a', '2023-01-28 15:04:30', '0000-00-00 00:00:00', '0000-00-00 00:00:00'),
(9, 5, 'permission types', 5, 'permission-types', '&#xe002;', 'a', '2023-01-28 15:05:07', '0000-00-00 00:00:00', '0000-00-00 00:00:00'),
(10, 5, 'add permission', 2, 'permissions/a', '&#xe002;', 'a', '2023-01-28 15:23:54', '0000-00-00 00:00:00', '0000-00-00 00:00:00'),
(11, 5, 'edit permission', 3, 'permissions/u', '&#xe002;', 'a', '2023-01-28 15:37:42', '0000-00-00 00:00:00', '0000-00-00 00:00:00'),
(12, 5, 'delete permission', 4, 'permissions/d', '&#xe002;', 'a', '2023-01-28 15:55:30', '2023-01-28 15:55:30', '0000-00-00 00:00:00'),
(13, 5, 'add module', 2, 'modules/a', '&#xe002;', 'a', '2023-01-28 15:59:07', '2023-01-28 15:59:07', '0000-00-00 00:00:00'),
(14, 5, 'edit module', 3, 'modules/u', '&#xe002;', 'a', '2023-01-28 15:59:33', '2023-01-28 15:59:33', '0000-00-00 00:00:00'),
(15, 5, 'delete module', 4, 'modules/d', '&#xe002;', 'a', '2023-01-28 16:00:09', '2023-01-28 16:00:47', '0000-00-00 00:00:00'),
(16, 5, 'edit role permission', 3, 'role-permissions/u', '&#xe002;', 'a', '2023-01-28 16:22:49', '2023-01-28 16:22:49', '0000-00-00 00:00:00'),
(17, 5, 'edit permission type', 3, 'permission-types/u', '&#xe002;', 'a', '2023-01-28 16:49:40', '2023-01-28 16:49:40', '0000-00-00 00:00:00'),
(18, 5, 'add permission type', 2, 'permission-types/a', '&#xe002;', 'a', '2023-01-28 16:50:35', '2023-01-28 16:50:35', '0000-00-00 00:00:00'),
(19, 5, 'delete permission type', 4, 'permission-types/d', '&#xe002;', 'a', '2023-01-28 16:51:10', '2023-01-28 16:51:10', '0000-00-00 00:00:00'),
(20, 2, 'view user', 1, 'users/v', '&#xe002;', 'a', '2023-01-28 16:58:13', '2023-01-28 16:58:13', '0000-00-00 00:00:00'),
(21, 2, 'add user', 2, 'users/a', '&#xe002;', 'a', '2023-01-28 16:58:30', '2023-01-28 16:58:30', '0000-00-00 00:00:00'),
(22, 2, 'edit user', 3, 'users/u', '&#xe002;', 'a', '2023-01-28 16:58:50', '2023-01-28 16:58:50', '0000-00-00 00:00:00'),
(23, 2, 'delete user', 4, 'users/d', '&#xe002;', 'a', '2023-01-28 16:59:09', '2023-01-28 16:59:09', '0000-00-00 00:00:00'),
(24, 2, 'add role', 2, 'roles/a', '&#xe002;', 'a', '2023-01-28 16:59:46', '2023-01-28 16:59:46', '0000-00-00 00:00:00'),
(25, 2, 'edit role', 3, 'roles/u', '&#xe002;', 'a', '2023-01-28 17:00:06', '2023-01-28 17:00:06', '0000-00-00 00:00:00'),
(26, 2, 'delete role', 4, 'roles/d', '&#xe002;', 'a', '2023-01-28 17:00:31', '2023-01-28 17:00:31', '0000-00-00 00:00:00'),
(27, 6, 'task list', 5, 'defect-items/tasks', '&#xe002;', 'a', '2023-02-05 10:42:33', '2023-02-05 10:42:33', '0000-00-00 00:00:00'),
(28, 3, 'add defect item', 2, 'defect-items/a', '&#xe002;', 'a', '2023-02-05 14:47:24', '2023-02-05 14:47:24', '0000-00-00 00:00:00'),
(29, 3, 'edit defect item', 3, 'defect-items/u', '&#xe002;', 'a', '2023-02-05 14:48:06', '2023-02-05 14:48:06', '0000-00-00 00:00:00'),
(30, 3, 'delete defect item', 4, 'defect-items/d', '&#xe002;', 'a', '2023-02-05 14:48:35', '2023-02-05 14:48:35', '0000-00-00 00:00:00'),
(31, 6, 'edit task status', 3, 'defect-items/tasks/u', '&#xe002;', 'a', '2023-02-05 17:35:12', '2023-02-05 17:35:12', '0000-00-00 00:00:00');

-- --------------------------------------------------------

--
-- Table structure for table `permission_types`
--

CREATE TABLE `permission_types` (
  `id` bigint(20) NOT NULL,
  `type` varchar(255) NOT NULL,
  `slug` varchar(255) NOT NULL,
  `status` varchar(1) NOT NULL DEFAULT 'a',
  `created_at` datetime NOT NULL DEFAULT current_timestamp(),
  `updated_at` datetime NOT NULL,
  `deleted_at` datetime NOT NULL
) ENGINE=InnoDB DEFAULT CHARSET=utf8mb4;

--
-- Dumping data for table `permission_types`
--

INSERT INTO `permission_types` (`id`, `type`, `slug`, `status`, `created_at`, `updated_at`, `deleted_at`) VALUES
(1, 'view', 'v', 'a', '2023-01-23 10:12:54', '0000-00-00 00:00:00', '0000-00-00 00:00:00'),
(2, 'add', 'a', 'a', '2023-01-23 10:12:54', '0000-00-00 00:00:00', '0000-00-00 00:00:00'),
(3, 'update', 'u', 'a', '2023-01-23 10:13:43', '0000-00-00 00:00:00', '0000-00-00 00:00:00'),
(4, 'delete', 'd', 'a', '2023-01-23 10:13:43', '0000-00-00 00:00:00', '0000-00-00 00:00:00'),
(5, 'index', 'i', 'a', '2023-01-23 10:14:03', '0000-00-00 00:00:00', '0000-00-00 00:00:00');

-- --------------------------------------------------------

--
-- Table structure for table `roles`
--

CREATE TABLE `roles` (
  `id` bigint(20) NOT NULL,
  `role_name` varchar(255) NOT NULL,
  `description` varchar(255) NOT NULL,
  `landing_page_id` bigint(20) NOT NULL,
  `status` varchar(1) NOT NULL DEFAULT 'a',
  `created_at` datetime NOT NULL DEFAULT current_timestamp(),
  `updated_at` datetime NOT NULL,
  `deleted_at` datetime NOT NULL
) ENGINE=InnoDB DEFAULT CHARSET=utf8mb4;

--
-- Dumping data for table `roles`
--

INSERT INTO `roles` (`id`, `role_name`, `description`, `landing_page_id`, `status`, `created_at`, `updated_at`, `deleted_at`) VALUES
(1, 'admin', 'administrator', 1, 'a', '2023-01-23 09:54:46', '2023-01-28 17:16:46', '0000-00-00 00:00:00'),
(2, 'developer', 'developer', 1, 'a', '2023-01-23 10:36:30', '0000-00-00 00:00:00', '0000-00-00 00:00:00'),
(3, 'business analyst', 'business analyst', 1, 'a', '2023-01-23 10:36:30', '0000-00-00 00:00:00', '0000-00-00 00:00:00'),
(4, 'tester', 'tester', 1, 'a', '2023-01-23 10:36:51', '0000-00-00 00:00:00', '0000-00-00 00:00:00');

-- --------------------------------------------------------

--
-- Table structure for table `role_permissions`
--

CREATE TABLE `role_permissions` (
  `id` bigint(20) NOT NULL,
  `role_id` bigint(20) NOT NULL,
  `permission_id` bigint(20) NOT NULL,
  `created_at` datetime NOT NULL DEFAULT current_timestamp(),
  `updated_at` datetime NOT NULL,
  `deleted_at` datetime NOT NULL
) ENGINE=InnoDB DEFAULT CHARSET=utf8mb4;

--
-- Dumping data for table `role_permissions`
--

INSERT INTO `role_permissions` (`id`, `role_id`, `permission_id`, `created_at`, `updated_at`, `deleted_at`) VALUES
(1, 1, 1, '2023-01-23 13:20:09', '2023-02-05 17:00:30', '2023-02-05 17:00:30'),
(2, 1, 2, '2023-01-28 15:00:04', '2023-02-05 17:00:30', '2023-02-05 17:00:30'),
(3, 1, 3, '2023-01-28 15:00:04', '2023-02-05 17:00:30', '2023-02-05 17:00:30'),
(4, 1, 4, '2023-01-28 15:00:30', '2023-02-05 17:00:30', '2023-02-05 17:00:30'),
(5, 1, 5, '2023-01-28 15:00:30', '2023-02-05 17:00:30', '2023-02-05 17:00:30'),
(6, 1, 6, '2023-01-28 15:06:14', '2023-02-05 17:00:30', '2023-02-05 17:00:30'),
(7, 1, 7, '2023-01-28 15:06:14', '2023-02-05 17:00:30', '2023-02-05 17:00:30'),
(8, 1, 8, '2023-01-28 15:06:28', '2023-02-05 17:00:30', '2023-02-05 17:00:30'),
(9, 1, 9, '2023-01-28 15:06:28', '2023-02-05 17:00:30', '2023-02-05 17:00:30'),
(10, 1, 10, '2023-01-28 15:24:21', '2023-02-05 17:00:30', '2023-02-05 17:00:30'),
(11, 1, 11, '2023-01-28 15:38:27', '2023-02-05 17:00:30', '2023-02-05 17:00:30'),
(12, 1, 12, '2023-01-28 15:56:59', '2023-02-05 17:00:30', '2023-02-05 17:00:30'),
(13, 1, 16, '2023-01-28 16:23:19', '2023-02-05 17:00:30', '2023-02-05 17:00:30'),
(14, 1, 1, '2023-01-28 16:43:46', '2023-02-05 17:00:30', '2023-02-05 17:00:30'),
(15, 1, 3, '2023-01-28 16:43:46', '2023-02-05 17:00:30', '2023-02-05 17:00:30'),
(16, 1, 6, '2023-01-28 16:43:46', '2023-02-05 17:00:30', '2023-02-05 17:00:30'),
(17, 1, 7, '2023-01-28 16:43:46', '2023-02-05 17:00:30', '2023-02-05 17:00:30'),
(18, 1, 2, '2023-01-28 16:43:46', '2023-02-05 17:00:30', '2023-02-05 17:00:30'),
(19, 1, 4, '2023-01-28 16:43:46', '2023-02-05 17:00:30', '2023-02-05 17:00:30'),
(20, 1, 5, '2023-01-28 16:43:46', '2023-02-05 17:00:30', '2023-02-05 17:00:30'),
(21, 1, 8, '2023-01-28 16:43:46', '2023-02-05 17:00:30', '2023-02-05 17:00:30'),
(22, 1, 9, '2023-01-28 16:43:46', '2023-02-05 17:00:30', '2023-02-05 17:00:30'),
(23, 1, 10, '2023-01-28 16:43:46', '2023-02-05 17:00:30', '2023-02-05 17:00:30'),
(24, 1, 11, '2023-01-28 16:43:46', '2023-02-05 17:00:30', '2023-02-05 17:00:30'),
(25, 1, 12, '2023-01-28 16:43:46', '2023-02-05 17:00:30', '2023-02-05 17:00:30'),
(26, 1, 13, '2023-01-28 16:43:46', '2023-02-05 17:00:30', '2023-02-05 17:00:30'),
(27, 1, 14, '2023-01-28 16:43:46', '2023-02-05 17:00:30', '2023-02-05 17:00:30'),
(28, 1, 15, '2023-01-28 16:43:46', '2023-02-05 17:00:30', '2023-02-05 17:00:30'),
(29, 1, 16, '2023-01-28 16:43:46', '2023-02-05 17:00:30', '2023-02-05 17:00:30'),
(30, 1, 1, '2023-01-28 17:01:37', '2023-02-05 17:00:30', '2023-02-05 17:00:30'),
(31, 1, 3, '2023-01-28 17:01:37', '2023-02-05 17:00:30', '2023-02-05 17:00:30'),
(32, 1, 6, '2023-01-28 17:01:37', '2023-02-05 17:00:30', '2023-02-05 17:00:30'),
(33, 1, 7, '2023-01-28 17:01:37', '2023-02-05 17:00:30', '2023-02-05 17:00:30'),
(34, 1, 20, '2023-01-28 17:01:37', '2023-02-05 17:00:30', '2023-02-05 17:00:30'),
(35, 1, 21, '2023-01-28 17:01:37', '2023-02-05 17:00:30', '2023-02-05 17:00:30'),
(36, 1, 22, '2023-01-28 17:01:37', '2023-02-05 17:00:30', '2023-02-05 17:00:30'),
(37, 1, 23, '2023-01-28 17:01:37', '2023-02-05 17:00:30', '2023-02-05 17:00:30'),
(38, 1, 24, '2023-01-28 17:01:37', '2023-02-05 17:00:30', '2023-02-05 17:00:30'),
(39, 1, 25, '2023-01-28 17:01:37', '2023-02-05 17:00:30', '2023-02-05 17:00:30'),
(40, 1, 26, '2023-01-28 17:01:37', '2023-02-05 17:00:30', '2023-02-05 17:00:30'),
(41, 1, 2, '2023-01-28 17:01:37', '2023-02-05 17:00:30', '2023-02-05 17:00:30'),
(42, 1, 4, '2023-01-28 17:01:37', '2023-02-05 17:00:30', '2023-02-05 17:00:30'),
(43, 1, 5, '2023-01-28 17:01:37', '2023-02-05 17:00:30', '2023-02-05 17:00:30'),
(44, 1, 8, '2023-01-28 17:01:37', '2023-02-05 17:00:30', '2023-02-05 17:00:30'),
(45, 1, 9, '2023-01-28 17:01:37', '2023-02-05 17:00:30', '2023-02-05 17:00:30'),
(46, 1, 10, '2023-01-28 17:01:37', '2023-02-05 17:00:30', '2023-02-05 17:00:30'),
(47, 1, 11, '2023-01-28 17:01:37', '2023-02-05 17:00:30', '2023-02-05 17:00:30'),
(48, 1, 12, '2023-01-28 17:01:37', '2023-02-05 17:00:30', '2023-02-05 17:00:30'),
(49, 1, 13, '2023-01-28 17:01:37', '2023-02-05 17:00:30', '2023-02-05 17:00:30'),
(50, 1, 14, '2023-01-28 17:01:37', '2023-02-05 17:00:30', '2023-02-05 17:00:30'),
(51, 1, 15, '2023-01-28 17:01:37', '2023-02-05 17:00:30', '2023-02-05 17:00:30'),
(52, 1, 16, '2023-01-28 17:01:37', '2023-02-05 17:00:30', '2023-02-05 17:00:30'),
(53, 1, 17, '2023-01-28 17:01:37', '2023-02-05 17:00:30', '2023-02-05 17:00:30'),
(54, 1, 18, '2023-01-28 17:01:37', '2023-02-05 17:00:30', '2023-02-05 17:00:30'),
(55, 1, 19, '2023-01-28 17:01:37', '2023-02-05 17:00:30', '2023-02-05 17:00:30'),
(56, 1, 1, '2023-02-05 10:42:55', '2023-02-05 17:00:30', '2023-02-05 17:00:30'),
(57, 1, 3, '2023-02-05 10:42:55', '2023-02-05 17:00:30', '2023-02-05 17:00:30'),
(58, 1, 6, '2023-02-05 10:42:55', '2023-02-05 17:00:30', '2023-02-05 17:00:30'),
(59, 1, 7, '2023-02-05 10:42:55', '2023-02-05 17:00:30', '2023-02-05 17:00:30'),
(60, 1, 20, '2023-02-05 10:42:55', '2023-02-05 17:00:30', '2023-02-05 17:00:30'),
(61, 1, 21, '2023-02-05 10:42:55', '2023-02-05 17:00:30', '2023-02-05 17:00:30'),
(62, 1, 22, '2023-02-05 10:42:55', '2023-02-05 17:00:30', '2023-02-05 17:00:30'),
(63, 1, 23, '2023-02-05 10:42:55', '2023-02-05 17:00:30', '2023-02-05 17:00:30'),
(64, 1, 24, '2023-02-05 10:42:55', '2023-02-05 17:00:30', '2023-02-05 17:00:30'),
(65, 1, 25, '2023-02-05 10:42:55', '2023-02-05 17:00:30', '2023-02-05 17:00:30'),
(66, 1, 26, '2023-02-05 10:42:55', '2023-02-05 17:00:30', '2023-02-05 17:00:30'),
(67, 1, 2, '2023-02-05 10:42:55', '2023-02-05 17:00:30', '2023-02-05 17:00:30'),
(68, 1, 4, '2023-02-05 10:42:55', '2023-02-05 17:00:30', '2023-02-05 17:00:30'),
(69, 1, 5, '2023-02-05 10:42:55', '2023-02-05 17:00:30', '2023-02-05 17:00:30'),
(70, 1, 8, '2023-02-05 10:42:55', '2023-02-05 17:00:30', '2023-02-05 17:00:30'),
(71, 1, 9, '2023-02-05 10:42:55', '2023-02-05 17:00:30', '2023-02-05 17:00:30'),
(72, 1, 10, '2023-02-05 10:42:55', '2023-02-05 17:00:30', '2023-02-05 17:00:30'),
(73, 1, 11, '2023-02-05 10:42:55', '2023-02-05 17:00:30', '2023-02-05 17:00:30'),
(74, 1, 12, '2023-02-05 10:42:55', '2023-02-05 17:00:30', '2023-02-05 17:00:30'),
(75, 1, 13, '2023-02-05 10:42:55', '2023-02-05 17:00:30', '2023-02-05 17:00:30'),
(76, 1, 14, '2023-02-05 10:42:55', '2023-02-05 17:00:30', '2023-02-05 17:00:30'),
(77, 1, 15, '2023-02-05 10:42:56', '2023-02-05 17:00:30', '2023-02-05 17:00:30'),
(78, 1, 16, '2023-02-05 10:42:56', '2023-02-05 17:00:30', '2023-02-05 17:00:30'),
(79, 1, 17, '2023-02-05 10:42:56', '2023-02-05 17:00:30', '2023-02-05 17:00:30'),
(80, 1, 18, '2023-02-05 10:42:56', '2023-02-05 17:00:30', '2023-02-05 17:00:30'),
(81, 1, 19, '2023-02-05 10:42:56', '2023-02-05 17:00:30', '2023-02-05 17:00:30'),
(82, 1, 27, '2023-02-05 10:42:56', '2023-02-05 17:00:30', '2023-02-05 17:00:30'),
(83, 1, 1, '2023-02-05 14:48:59', '2023-02-05 17:00:30', '2023-02-05 17:00:30'),
(84, 1, 3, '2023-02-05 14:48:59', '2023-02-05 17:00:30', '2023-02-05 17:00:30'),
(85, 1, 6, '2023-02-05 14:48:59', '2023-02-05 17:00:30', '2023-02-05 17:00:30'),
(86, 1, 7, '2023-02-05 14:48:59', '2023-02-05 17:00:30', '2023-02-05 17:00:30'),
(87, 1, 20, '2023-02-05 14:48:59', '2023-02-05 17:00:30', '2023-02-05 17:00:30'),
(88, 1, 21, '2023-02-05 14:48:59', '2023-02-05 17:00:30', '2023-02-05 17:00:30'),
(89, 1, 22, '2023-02-05 14:48:59', '2023-02-05 17:00:30', '2023-02-05 17:00:30'),
(90, 1, 23, '2023-02-05 14:48:59', '2023-02-05 17:00:30', '2023-02-05 17:00:30'),
(91, 1, 24, '2023-02-05 14:48:59', '2023-02-05 17:00:30', '2023-02-05 17:00:30'),
(92, 1, 25, '2023-02-05 14:48:59', '2023-02-05 17:00:30', '2023-02-05 17:00:30'),
(93, 1, 26, '2023-02-05 14:48:59', '2023-02-05 17:00:30', '2023-02-05 17:00:30'),
(94, 1, 2, '2023-02-05 14:48:59', '2023-02-05 17:00:30', '2023-02-05 17:00:30'),
(95, 1, 28, '2023-02-05 14:48:59', '2023-02-05 17:00:30', '2023-02-05 17:00:30'),
(96, 1, 29, '2023-02-05 14:48:59', '2023-02-05 17:00:30', '2023-02-05 17:00:30'),
(97, 1, 30, '2023-02-05 14:48:59', '2023-02-05 17:00:30', '2023-02-05 17:00:30'),
(98, 1, 4, '2023-02-05 14:48:59', '2023-02-05 17:00:30', '2023-02-05 17:00:30'),
(99, 1, 5, '2023-02-05 14:48:59', '2023-02-05 17:00:30', '2023-02-05 17:00:30'),
(100, 1, 8, '2023-02-05 14:48:59', '2023-02-05 17:00:30', '2023-02-05 17:00:30'),
(101, 1, 9, '2023-02-05 14:48:59', '2023-02-05 17:00:30', '2023-02-05 17:00:30'),
(102, 1, 10, '2023-02-05 14:48:59', '2023-02-05 17:00:30', '2023-02-05 17:00:30'),
(103, 1, 11, '2023-02-05 14:48:59', '2023-02-05 17:00:30', '2023-02-05 17:00:30'),
(104, 1, 12, '2023-02-05 14:48:59', '2023-02-05 17:00:30', '2023-02-05 17:00:30'),
(105, 1, 13, '2023-02-05 14:48:59', '2023-02-05 17:00:30', '2023-02-05 17:00:30'),
(106, 1, 14, '2023-02-05 14:48:59', '2023-02-05 17:00:30', '2023-02-05 17:00:30'),
(107, 1, 15, '2023-02-05 14:48:59', '2023-02-05 17:00:30', '2023-02-05 17:00:30'),
(108, 1, 16, '2023-02-05 14:48:59', '2023-02-05 17:00:30', '2023-02-05 17:00:30'),
(109, 1, 17, '2023-02-05 14:48:59', '2023-02-05 17:00:30', '2023-02-05 17:00:30'),
(110, 1, 18, '2023-02-05 14:48:59', '2023-02-05 17:00:30', '2023-02-05 17:00:30'),
(111, 1, 19, '2023-02-05 14:48:59', '2023-02-05 17:00:30', '2023-02-05 17:00:30'),
(112, 1, 27, '2023-02-05 14:48:59', '2023-02-05 17:00:30', '2023-02-05 17:00:30'),
(113, 3, 1, '2023-02-05 16:17:18', '2023-02-05 17:35:45', '2023-02-05 17:35:45'),
(114, 3, 2, '2023-02-05 16:17:18', '2023-02-05 17:35:45', '2023-02-05 17:35:45'),
(115, 3, 28, '2023-02-05 16:17:18', '2023-02-05 17:35:45', '2023-02-05 17:35:45'),
(116, 3, 29, '2023-02-05 16:17:18', '2023-02-05 17:35:45', '2023-02-05 17:35:45'),
(117, 3, 30, '2023-02-05 16:17:18', '2023-02-05 17:35:45', '2023-02-05 17:35:45'),
(118, 3, 4, '2023-02-05 16:17:18', '2023-02-05 17:35:45', '2023-02-05 17:35:45'),
(119, 3, 27, '2023-02-05 16:17:18', '2023-02-05 17:35:45', '2023-02-05 17:35:45'),
(120, 2, 1, '2023-02-05 16:53:31', '2023-02-05 17:35:36', '2023-02-05 17:35:36'),
(121, 2, 2, '2023-02-05 16:53:31', '2023-02-05 17:35:36', '2023-02-05 17:35:36'),
(122, 2, 28, '2023-02-05 16:53:31', '2023-02-05 17:35:36', '2023-02-05 17:35:36'),
(123, 2, 29, '2023-02-05 16:53:31', '2023-02-05 17:35:36', '2023-02-05 17:35:36'),
(124, 2, 30, '2023-02-05 16:53:31', '2023-02-05 17:35:36', '2023-02-05 17:35:36'),
(125, 2, 27, '2023-02-05 16:53:31', '2023-02-05 17:35:36', '2023-02-05 17:35:36'),
(126, 2, 1, '2023-02-05 16:53:50', '2023-02-05 17:35:36', '2023-02-05 17:35:36'),
(127, 2, 2, '2023-02-05 16:53:50', '2023-02-05 17:35:36', '2023-02-05 17:35:36'),
(128, 2, 28, '2023-02-05 16:53:50', '2023-02-05 17:35:36', '2023-02-05 17:35:36'),
(129, 2, 29, '2023-02-05 16:53:50', '2023-02-05 17:35:36', '2023-02-05 17:35:36'),
(130, 2, 30, '2023-02-05 16:53:50', '2023-02-05 17:35:36', '2023-02-05 17:35:36'),
(131, 2, 4, '2023-02-05 16:53:50', '2023-02-05 17:35:36', '2023-02-05 17:35:36'),
(132, 2, 27, '2023-02-05 16:53:50', '2023-02-05 17:35:36', '2023-02-05 17:35:36'),
(133, 4, 1, '2023-02-05 16:54:29', '2023-02-05 17:35:53', '2023-02-05 17:35:53'),
(134, 4, 2, '2023-02-05 16:54:29', '2023-02-05 17:35:53', '2023-02-05 17:35:53'),
(135, 4, 28, '2023-02-05 16:54:29', '2023-02-05 17:35:53', '2023-02-05 17:35:53'),
(136, 4, 29, '2023-02-05 16:54:29', '2023-02-05 17:35:53', '2023-02-05 17:35:53'),
(137, 4, 30, '2023-02-05 16:54:29', '2023-02-05 17:35:53', '2023-02-05 17:35:53'),
(138, 4, 4, '2023-02-05 16:54:29', '2023-02-05 17:35:53', '2023-02-05 17:35:53'),
(139, 4, 27, '2023-02-05 16:54:29', '2023-02-05 17:35:53', '2023-02-05 17:35:53'),
(140, 1, 1, '2023-02-05 17:00:30', '2023-02-05 17:00:30', '0000-00-00 00:00:00'),
(141, 1, 3, '2023-02-05 17:00:30', '2023-02-05 17:00:30', '0000-00-00 00:00:00'),
(142, 1, 6, '2023-02-05 17:00:30', '2023-02-05 17:00:30', '0000-00-00 00:00:00'),
(143, 1, 7, '2023-02-05 17:00:30', '2023-02-05 17:00:30', '0000-00-00 00:00:00'),
(144, 1, 20, '2023-02-05 17:00:30', '2023-02-05 17:00:30', '0000-00-00 00:00:00'),
(145, 1, 21, '2023-02-05 17:00:30', '2023-02-05 17:00:30', '0000-00-00 00:00:00'),
(146, 1, 22, '2023-02-05 17:00:30', '2023-02-05 17:00:30', '0000-00-00 00:00:00'),
(147, 1, 23, '2023-02-05 17:00:30', '2023-02-05 17:00:30', '0000-00-00 00:00:00'),
(148, 1, 24, '2023-02-05 17:00:30', '2023-02-05 17:00:30', '0000-00-00 00:00:00'),
(149, 1, 25, '2023-02-05 17:00:30', '2023-02-05 17:00:30', '0000-00-00 00:00:00'),
(150, 1, 26, '2023-02-05 17:00:30', '2023-02-05 17:00:30', '0000-00-00 00:00:00'),
(151, 1, 2, '2023-02-05 17:00:30', '2023-02-05 17:00:30', '0000-00-00 00:00:00'),
(152, 1, 4, '2023-02-05 17:00:30', '2023-02-05 17:00:30', '0000-00-00 00:00:00'),
(153, 1, 5, '2023-02-05 17:00:30', '2023-02-05 17:00:30', '0000-00-00 00:00:00'),
(154, 1, 8, '2023-02-05 17:00:30', '2023-02-05 17:00:30', '0000-00-00 00:00:00'),
(155, 1, 9, '2023-02-05 17:00:30', '2023-02-05 17:00:30', '0000-00-00 00:00:00'),
(156, 1, 10, '2023-02-05 17:00:30', '2023-02-05 17:00:30', '0000-00-00 00:00:00'),
(157, 1, 11, '2023-02-05 17:00:30', '2023-02-05 17:00:30', '0000-00-00 00:00:00'),
(158, 1, 12, '2023-02-05 17:00:30', '2023-02-05 17:00:30', '0000-00-00 00:00:00'),
(159, 1, 13, '2023-02-05 17:00:30', '2023-02-05 17:00:30', '0000-00-00 00:00:00'),
(160, 1, 14, '2023-02-05 17:00:30', '2023-02-05 17:00:30', '0000-00-00 00:00:00'),
(161, 1, 15, '2023-02-05 17:00:30', '2023-02-05 17:00:30', '0000-00-00 00:00:00'),
(162, 1, 16, '2023-02-05 17:00:30', '2023-02-05 17:00:30', '0000-00-00 00:00:00'),
(163, 1, 17, '2023-02-05 17:00:30', '2023-02-05 17:00:30', '0000-00-00 00:00:00'),
(164, 1, 18, '2023-02-05 17:00:30', '2023-02-05 17:00:30', '0000-00-00 00:00:00'),
(165, 1, 19, '2023-02-05 17:00:30', '2023-02-05 17:00:30', '0000-00-00 00:00:00'),
(166, 1, 27, '2023-02-05 17:00:30', '2023-02-05 17:00:30', '0000-00-00 00:00:00'),
(167, 2, 1, '2023-02-05 17:35:36', '2023-02-05 17:35:36', '0000-00-00 00:00:00'),
(168, 2, 2, '2023-02-05 17:35:36', '2023-02-05 17:35:36', '0000-00-00 00:00:00'),
(169, 2, 28, '2023-02-05 17:35:36', '2023-02-05 17:35:36', '0000-00-00 00:00:00'),
(170, 2, 29, '2023-02-05 17:35:36', '2023-02-05 17:35:36', '0000-00-00 00:00:00'),
(171, 2, 30, '2023-02-05 17:35:36', '2023-02-05 17:35:36', '0000-00-00 00:00:00'),
(172, 2, 4, '2023-02-05 17:35:36', '2023-02-05 17:35:36', '0000-00-00 00:00:00'),
(173, 2, 27, '2023-02-05 17:35:36', '2023-02-05 17:35:36', '0000-00-00 00:00:00'),
(174, 2, 31, '2023-02-05 17:35:36', '2023-02-05 17:35:36', '0000-00-00 00:00:00'),
(175, 3, 1, '2023-02-05 17:35:45', '2023-02-05 17:35:45', '0000-00-00 00:00:00'),
(176, 3, 2, '2023-02-05 17:35:45', '2023-02-05 17:35:45', '0000-00-00 00:00:00'),
(177, 3, 28, '2023-02-05 17:35:45', '2023-02-05 17:35:45', '0000-00-00 00:00:00'),
(178, 3, 29, '2023-02-05 17:35:45', '2023-02-05 17:35:45', '0000-00-00 00:00:00'),
(179, 3, 30, '2023-02-05 17:35:45', '2023-02-05 17:35:45', '0000-00-00 00:00:00'),
(180, 3, 4, '2023-02-05 17:35:45', '2023-02-05 17:35:45', '0000-00-00 00:00:00'),
(181, 3, 27, '2023-02-05 17:35:45', '2023-02-05 17:35:45', '0000-00-00 00:00:00'),
(182, 3, 31, '2023-02-05 17:35:45', '2023-02-05 17:35:45', '0000-00-00 00:00:00'),
(183, 4, 1, '2023-02-05 17:35:53', '2023-02-05 17:35:53', '0000-00-00 00:00:00'),
(184, 4, 2, '2023-02-05 17:35:53', '2023-02-05 17:35:53', '0000-00-00 00:00:00'),
(185, 4, 28, '2023-02-05 17:35:53', '2023-02-05 17:35:53', '0000-00-00 00:00:00'),
(186, 4, 29, '2023-02-05 17:35:53', '2023-02-05 17:35:53', '0000-00-00 00:00:00'),
(187, 4, 30, '2023-02-05 17:35:53', '2023-02-05 17:35:53', '0000-00-00 00:00:00'),
(188, 4, 4, '2023-02-05 17:35:53', '2023-02-05 17:35:53', '0000-00-00 00:00:00'),
(189, 4, 27, '2023-02-05 17:35:53', '2023-02-05 17:35:53', '0000-00-00 00:00:00'),
(190, 4, 31, '2023-02-05 17:35:53', '2023-02-05 17:35:53', '0000-00-00 00:00:00');

-- --------------------------------------------------------

--
-- Table structure for table `users`
--

CREATE TABLE `users` (
  `id` bigint(20) NOT NULL,
  `role_id` bigint(20) NOT NULL,
  `first_name` varchar(255) NOT NULL,
  `last_name` varchar(255) NOT NULL,
  `username` varchar(255) NOT NULL,
  `email_address` varchar(255) NOT NULL,
  `password` varchar(255) NOT NULL,
  `status` varchar(1) NOT NULL DEFAULT 'a',
  `created_at` datetime NOT NULL DEFAULT current_timestamp(),
  `updated_at` datetime NOT NULL,
  `deleted_at` datetime DEFAULT NULL
) ENGINE=InnoDB DEFAULT CHARSET=utf8mb4;

--
-- Dumping data for table `users`
--

INSERT INTO `users` (`id`, `role_id`, `first_name`, `last_name`, `username`, `email_address`, `password`, `status`, `created_at`, `updated_at`, `deleted_at`) VALUES
(1, 1, 'edmon', 'dela cruz', 'eddelacruz', 'edmondelacruz110@gmail.com', '$2y$10$QKzhB32FveBYSNzn16DtPulobXMMwdRVvvReB6Smp7wcrL.KXBvfe', 'a', '2023-01-28 14:41:20', '0000-00-00 00:00:00', NULL),
(2, 2, 'Quiel', 'Cariaso', 'queilcariaso', 'queil.cariaso@gmail.com', '$2y$10$UrgrhBuUA3n8sy1iRBjeIeWddhiV7IyXyJXit/bvYEkWjBB0HQ9WS', 'a', '2023-02-03 10:27:40', '2023-02-05 13:55:46', NULL),
(3, 3, 'Shailyn', 'Saan', 'shailynsaan', 'shailyn00@gmail.com', '$2y$10$CR4JrTE3U47kyav4TuUls.skhq4HOt0nDSmXOjVLmxgudv8NbPFEC', 'a', '2023-02-05 16:15:32', '2023-02-05 16:15:32', NULL);

--
-- Indexes for dumped tables
--

--
-- Indexes for table `defect_items`
--
ALTER TABLE `defect_items`
  ADD PRIMARY KEY (`id`);

--
-- Indexes for table `modules`
--
ALTER TABLE `modules`
  ADD PRIMARY KEY (`id`);

--
-- Indexes for table `permissions`
--
ALTER TABLE `permissions`
  ADD PRIMARY KEY (`id`);

--
-- Indexes for table `permission_types`
--
ALTER TABLE `permission_types`
  ADD PRIMARY KEY (`id`);

--
-- Indexes for table `roles`
--
ALTER TABLE `roles`
  ADD PRIMARY KEY (`id`);

--
-- Indexes for table `role_permissions`
--
ALTER TABLE `role_permissions`
  ADD PRIMARY KEY (`id`);

--
-- Indexes for table `users`
--
ALTER TABLE `users`
  ADD PRIMARY KEY (`id`);

--
-- AUTO_INCREMENT for dumped tables
--

--
-- AUTO_INCREMENT for table `defect_items`
--
ALTER TABLE `defect_items`
  MODIFY `id` bigint(20) NOT NULL AUTO_INCREMENT, AUTO_INCREMENT=9;

--
-- AUTO_INCREMENT for table `modules`
--
ALTER TABLE `modules`
  MODIFY `id` bigint(20) NOT NULL AUTO_INCREMENT, AUTO_INCREMENT=7;

--
-- AUTO_INCREMENT for table `permissions`
--
ALTER TABLE `permissions`
  MODIFY `id` bigint(20) NOT NULL AUTO_INCREMENT, AUTO_INCREMENT=32;

--
-- AUTO_INCREMENT for table `permission_types`
--
ALTER TABLE `permission_types`
  MODIFY `id` bigint(20) NOT NULL AUTO_INCREMENT, AUTO_INCREMENT=6;

--
-- AUTO_INCREMENT for table `roles`
--
ALTER TABLE `roles`
  MODIFY `id` bigint(20) NOT NULL AUTO_INCREMENT, AUTO_INCREMENT=5;

--
-- AUTO_INCREMENT for table `role_permissions`
--
ALTER TABLE `role_permissions`
  MODIFY `id` bigint(20) NOT NULL AUTO_INCREMENT, AUTO_INCREMENT=191;

--
-- AUTO_INCREMENT for table `users`
--
ALTER TABLE `users`
  MODIFY `id` bigint(20) NOT NULL AUTO_INCREMENT, AUTO_INCREMENT=4;
COMMIT;

/*!40101 SET CHARACTER_SET_CLIENT=@OLD_CHARACTER_SET_CLIENT */;
/*!40101 SET CHARACTER_SET_RESULTS=@OLD_CHARACTER_SET_RESULTS */;
/*!40101 SET COLLATION_CONNECTION=@OLD_COLLATION_CONNECTION */;
